Date,MLEs_1,MLEs_10,MLEs_2,MLEs_3,MLEs_4,MLEs_5,MLEs_6,MLEs_7,MLEs_8,MLEs_9,N,scaled_windows_1,scaled_windows_10,scaled_windows_2,scaled_windows_3,scaled_windows_4,scaled_windows_5,scaled_windows_6,scaled_windows_7,scaled_windows_8,scaled_windows_9,windows_1,windows_10,windows_2,windows_3,windows_4,windows_5,windows_6,windows_7,windows_8,windows_9
1995-01-31,1.0,1.0,1.0,1.0,1.0,1.0,1.0,1.0,1.0,1.0,1.0,1.0,1.0,1.0,1.0,1.0,1.0,1.0,1.0,1.0,1.0,1,1,1,1,1,1,1,1,1,1
1995-02-28,1.0,1.0,1.0,1.0,1.0,1.0,1.0,1.0,1.0,1.0,1.0,1.0,1.0,1.0,1.0,1.0,1.0,1.0,1.0,1.0,1.0,2,2,2,2,2,2,2,2,2,2
1995-03-31,1.0,1.0,1.0,1.0,1.0,1.0,1.0,1.0,1.0,1.0,1.0,1.0,1.0,1.0,1.0,1.0,1.0,1.0,1.0,1.0,1.0,3,3,3,3,3,3,3,3,3,3
1995-04-30,1.0,1.0,1.0,1.0,1.0,1.0,1.0,1.0,1.0,1.0,1.0,1.0,1.0,1.0,1.0,1.0,1.0,1.0,1.0,1.0,1.0,4,4,4,4,4,4,4,4,4,4
1995-05-31,1.0,1.0,1.0,1.0,1.0,1.0,1.0,1.0,1.0,1.0,1.0,1.0,1.0,1.0,1.0,1.0,1.0,1.0,1.0,1.0,1.0,5,5,5,5,5,5,5,5,5,5
1995-06-30,1.0,1.0,1.0,1.0,1.0,1.0,1.0,1.0,1.0,1.0,1.0,1.0,1.0,1.0,1.0,1.0,1.0,1.0,1.0,1.0,1.0,6,6,6,6,6,6,6,6,6,6
1995-07-31,1.0,1.0,1.0,1.0,1.0,1.0,1.0,1.0,1.0,1.0,1.0,1.0,1.0,1.0,1.0,1.0,1.0,1.0,1.0,1.0,1.0,7,7,7,7,7,7,7,7,7,7
1995-08-31,1.0,1.0,1.0,1.0,1.0,1.0,1.0,1.0,1.0,1.0,1.0,1.0,1.0,1.0,1.0,1.0,1.0,1.0,1.0,1.0,1.0,8,8,8,8,8,8,8,8,8,8
1995-09-30,1.0,1.0,1.0,1.0,1.0,1.0,1.0,1.0,1.0,1.0,1.0,1.0,1.0,1.0,1.0,1.0,1.0,1.0,1.0,1.0,1.0,9,9,9,9,9,9,9,9,9,9
1995-10-31,1.0,1.0,1.0,1.0,1.0,1.0,1.0,1.0,1.0,1.0,1.0,1.0,1.0,1.0,1.0,1.0,1.0,1.0,1.0,1.0,1.0,10,10,10,10,10,10,10,10,10,10
1995-11-30,1.0,1.0,1.0,1.0,1.0,1.0,1.0,1.0,1.0,1.0,1.0,1.0,1.0,1.0,1.0,1.0,1.0,1.0,1.0,1.0,1.0,11,11,11,11,11,11,11,11,11,11
1995-12-31,1.0,1.0,1.0,1.0,1.0,1.0,1.0,1.0,1.0,1.0,1.0,1.0,1.0,1.0,1.0,1.0,1.0,1.0,1.0,1.0,1.0,12,12,12,12,12,12,12,12,12,12
1996-01-31,1.0,1.0,1.0,1.0,1.0,1.0,1.0,1.0,1.0,1.0,1.0,1.0,1.0,1.0,1.0,1.0,1.0,1.0,1.0,1.0,1.0,13,13,13,13,13,13,13,13,13,13
1996-02-29,1.0,1.0,1.0,1.0,1.0,1.0,1.0,1.0,1.0,1.0,1.0,1.0,1.0,1.0,1.0,1.0,1.0,1.0,1.0,1.0,1.0,14,14,14,14,14,14,14,14,14,14
1996-03-31,1.0,1.0,1.0,1.0,1.0,1.0,1.0,1.0,1.0,1.0,1.0,1.0,1.0,1.0,1.0,1.0,1.0,1.0,1.0,1.0,1.0,15,15,15,15,15,15,15,15,15,15
1996-04-30,1.0,1.0,1.0,1.0,1.0,1.0,1.0,1.0,1.0,1.0,1.0,1.0,1.0,1.0,1.0,1.0,1.0,1.0,1.0,1.0,1.0,16,16,16,16,16,16,16,16,16,16
1996-05-31,1.0,1.0,1.0,1.0,1.0,1.0,1.0,1.0,1.0,1.0,1.0,1.0,1.0,1.0,1.0,1.0,1.0,1.0,1.0,1.0,1.0,17,17,17,17,17,17,17,17,17,17
1996-06-30,1.0,1.0,1.0,1.0,1.0,1.0,1.0,1.0,1.0,1.0,1.0,1.0,1.0,1.0,1.0,1.0,1.0,1.0,1.0,1.0,1.0,18,18,18,18,18,18,18,18,18,18
1996-07-31,1.0,1.0,1.0,1.0,1.0,1.0,1.0,1.0,1.0,1.0,1.0,1.0,1.0,1.0,1.0,1.0,1.0,1.0,1.0,1.0,1.0,19,19,19,19,19,19,19,19,19,19
1996-08-31,1.0,1.0,1.0,1.0,1.0,1.0,1.0,1.0,1.0,1.0,1.0,1.0,1.0,1.0,1.0,1.0,1.0,1.0,1.0,1.0,1.0,20,20,20,20,20,20,20,20,20,20
1996-09-30,1.0,1.0,1.0,1.0,1.0,1.0,1.0,1.0,1.0,1.0,1.0,1.0,1.0,1.0,1.0,1.0,1.0,1.0,1.0,1.0,1.0,21,21,21,21,21,21,21,21,21,21
1996-10-31,1.0,1.0,1.0,1.0,1.0,1.0,1.0,1.0,1.0,1.0,1.0,1.0,1.0,1.0,1.0,1.0,1.0,1.0,1.0,1.0,1.0,22,22,22,22,22,22,22,22,22,22
1996-11-30,1.0,1.0,1.0,1.0,1.0,1.0,1.0,1.0,1.0,1.0,1.0,1.0,1.0,1.0,1.0,1.0,1.0,1.0,1.0,1.0,1.0,23,23,23,23,23,23,23,23,23,23
1996-12-31,1.0,1.0,1.0,1.0,1.0,1.0,1.0,1.0,1.0,1.0,1.0,1.0,1.0,1.0,1.0,1.0,1.0,1.0,1.0,1.0,1.0,24,24,24,24,24,24,24,24,24,24
1997-01-31,1.0,1.0,1.0,1.0,1.0,1.0,1.0,1.0,1.0,1.0,1.0,1.0,1.0,1.0,1.0,1.0,1.0,1.0,1.0,1.0,1.0,25,25,25,25,25,25,25,25,25,25
1997-02-28,1.0,1.0,1.0,1.0,1.0,1.0,1.0,1.0,1.0,1.0,1.0,1.0,1.0,1.0,1.0,1.0,1.0,1.0,1.0,1.0,1.0,26,26,26,26,26,26,26,26,26,26
1997-03-31,1.0,1.0,1.0,1.0,1.0,1.0,1.0,1.0,1.0,1.0,1.0,1.0,1.0,1.0,1.0,1.0,1.0,1.0,1.0,1.0,1.0,27,27,27,27,27,27,27,27,27,27
1997-04-30,1.0,1.0,1.0,1.0,1.0,1.0,1.0,1.0,1.0,1.0,1.0,1.0,1.0,1.0,1.0,1.0,1.0,1.0,1.0,1.0,1.0,28,28,28,28,28,28,28,28,28,28
1997-05-31,1.0,1.0,1.0,1.0,1.0,1.0,1.0,1.0,1.0,1.0,1.0,1.0,1.0,1.0,1.0,1.0,1.0,1.0,1.0,1.0,1.0,29,29,29,29,29,29,29,29,29,29
1997-06-30,1.0,1.0,1.0,1.0,1.0,1.0,1.0,1.0,1.0,1.0,1.0,1.0,1.0,1.0,1.0,1.0,1.0,1.0,1.0,1.0,1.0,30,30,30,30,30,30,30,30,30,30
1997-07-31,1.0,1.0,1.0,1.0,1.0,1.0,1.0,1.0,1.0,1.0,1.0,1.0,1.0,1.0,1.0,1.0,1.0,1.0,1.0,1.0,1.0,31,31,31,31,31,31,31,31,31,31
1997-08-31,1.0,1.0,1.0,1.0,1.0,1.0,1.0,1.0,1.0,1.0,1.0,1.0,1.0,1.0,1.0,1.0,1.0,1.0,1.0,1.0,1.0,32,32,32,32,32,32,32,32,32,32
1997-09-30,1.0,1.0,1.0,1.0,1.0,1.0,1.0,1.0,1.0,1.0,1.0,1.0,1.0,1.0,1.0,1.0,1.0,1.0,1.0,1.0,1.0,33,33,33,33,33,33,33,33,33,33
1997-10-31,1.0,1.0,1.0,1.0,1.0,1.0,1.0,1.0,1.0,1.0,1.0,1.0,1.0,1.0,1.0,1.0,1.0,1.0,1.0,1.0,1.0,34,34,34,34,34,34,34,34,34,34
1997-11-30,1.0,1.0,1.0,1.0,1.0,1.0,1.0,1.0,1.0,1.0,1.0,1.0,1.0,1.0,1.0,1.0,1.0,1.0,1.0,1.0,1.0,35,35,35,35,35,35,35,35,35,35
1997-12-31,1.0,1.0,1.0,1.0,1.0,1.0,1.0,1.0,1.0,1.0,1.0,1.0,1.0,1.0,1.0,1.0,1.0,1.0,1.0,1.0,1.0,36,36,36,36,36,36,36,36,36,36
1998-01-31,1.0,1.0,1.0,1.0,1.0,1.0,1.0,1.0,1.0,1.0,1.0,1.0,1.0,1.0,1.0,1.0,1.0,1.0,1.0,1.0,1.0,37,37,37,37,37,37,37,37,37,37
1998-02-28,1.0,1.0,1.0,1.0,1.0,1.0,1.0,1.0,1.0,1.0,1.0,1.0,1.0,1.0,1.0,1.0,1.0,1.0,1.0,1.0,1.0,38,38,38,38,38,38,38,38,38,38
1998-03-31,1.0,1.0,1.0,1.0,1.0,1.0,1.0,1.0,1.0,1.0,1.0,1.0,1.0,1.0,1.0,1.0,1.0,1.0,1.0,1.0,1.0,39,39,39,39,39,39,39,39,39,39
1998-04-30,1.0,1.0,1.0,1.0,1.0,1.0,1.0,1.0,1.0,1.0,1.0,1.0,1.0,1.0,1.0,1.0,1.0,1.0,1.0,1.0,1.0,40,40,40,40,40,40,40,40,40,40
1998-05-31,1.0,1.0,1.0,1.0,1.0,1.0,1.0,1.0,1.0,1.0,1.0,1.0,1.0,1.0,1.0,1.0,1.0,1.0,1.0,1.0,1.0,41,41,41,41,41,41,41,41,41,41
1998-06-30,1.0,1.0,1.0,1.0,1.0,1.0,1.0,1.0,1.0,1.0,1.0,1.0,1.0,1.0,1.0,1.0,1.0,1.0,1.0,1.0,1.0,42,42,42,42,42,42,42,42,42,42
1998-07-31,1.0,1.0,1.0,1.0,1.0,1.0,1.0,1.0,1.0,1.0,1.0,1.0,1.0,1.0,1.0,1.0,1.0,1.0,1.0,1.0,1.0,43,43,43,43,43,43,43,43,43,43
1998-08-31,1.0,1.0,1.0,1.0,1.0,1.0,1.0,1.0,1.0,1.0,1.0,1.0,1.0,1.0,1.0,1.0,1.0,1.0,1.0,1.0,1.0,44,44,44,44,44,44,44,44,44,44
1998-09-30,1.0,1.0,1.0,1.0,1.0,1.0,1.0,1.0,1.0,1.0,1.0,1.0,1.0,1.0,1.0,1.0,1.0,1.0,1.0,1.0,1.0,45,45,45,45,45,45,45,45,45,45
1998-10-31,1.0,1.0,1.0,1.0,1.0,1.0,1.0,1.0,1.0,1.0,1.0,1.0,1.0,1.0,1.0,1.0,1.0,1.0,1.0,1.0,1.0,46,46,46,46,46,46,46,46,46,46
1998-11-30,1.0,1.0,1.0,1.0,1.0,1.0,1.0,1.0,1.0,1.0,1.0,1.0,1.0,1.0,1.0,1.0,1.0,1.0,1.0,1.0,1.0,47,47,47,47,47,47,47,47,47,47
1998-12-31,1.0,1.0,1.0,1.0,1.0,1.0,1.0,1.0,1.0,1.0,1.0,1.0,1.0,1.0,1.0,1.0,1.0,1.0,1.0,1.0,1.0,48,48,48,48,48,48,48,48,48,48
1999-01-31,1.0,1.0,1.0,1.0,1.0,1.0,1.0,1.0,1.0,1.0,1.0,1.0,1.0,1.0,1.0,1.0,1.0,1.0,1.0,1.0,1.0,49,49,49,49,49,49,49,49,49,49
1999-02-28,1.0,1.0,1.0,1.0,1.0,1.0,1.0,1.0,1.0,1.0,1.0,1.0,1.0,1.0,1.0,1.0,1.0,1.0,1.0,1.0,1.0,50,50,50,50,50,50,50,50,50,50
1999-03-31,1.0,1.0,1.0,1.0,1.0,1.0,1.0,1.0,1.0,1.0,1.0,1.0,1.0,1.0,1.0,1.0,1.0,1.0,1.0,1.0,1.0,51,51,51,51,51,51,51,51,51,51
1999-04-30,1.0,1.0,1.0,1.0,1.0,1.0,1.0,1.0,1.0,1.0,1.0,1.0,1.0,1.0,1.0,1.0,1.0,1.0,1.0,1.0,1.0,52,52,52,52,52,52,52,52,52,52
1999-05-31,1.0,1.0,1.0,1.0,1.0,1.0,1.0,1.0,1.0,1.0,1.0,1.0,1.0,1.0,1.0,1.0,1.0,1.0,1.0,1.0,1.0,53,53,53,53,53,53,53,53,53,53
1999-06-30,1.0,1.0,1.0,1.0,1.0,1.0,1.0,1.0,1.0,1.0,1.0,1.0,1.0,1.0,1.0,1.0,1.0,1.0,1.0,1.0,1.0,54,54,54,54,54,54,54,54,54,54
1999-07-31,1.0,1.0,1.0,1.0,1.0,1.0,1.0,1.0,1.0,1.0,1.0,1.0,1.0,1.0,1.0,1.0,1.0,1.0,1.0,1.0,1.0,55,55,55,55,55,55,55,55,55,55
1999-08-31,1.0,1.0,1.0,1.0,1.0,1.0,1.0,1.0,1.0,1.0,1.0,1.0,1.0,1.0,1.0,1.0,1.0,1.0,1.0,1.0,1.0,56,56,56,56,56,56,56,56,56,56
1999-09-30,1.0,1.0,1.0,1.0,1.0,1.0,1.0,1.0,1.0,1.0,1.0,1.0,1.0,1.0,1.0,1.0,1.0,1.0,1.0,1.0,1.0,57,57,57,57,57,57,57,57,57,57
1999-10-31,1.0,1.0,1.0,1.0,1.0,1.0,1.0,1.0,1.0,1.0,1.0,1.0,1.0,1.0,1.0,1.0,1.0,1.0,1.0,1.0,1.0,58,58,58,58,58,58,58,58,58,58
1999-11-30,1.0,1.0,1.0,1.0,1.0,1.0,1.0,1.0,1.0,1.0,1.0,1.0,1.0,1.0,1.0,1.0,1.0,1.0,1.0,1.0,1.0,59,59,59,59,59,59,59,59,59,59
1999-12-31,1.0,1.0,1.0,1.0,1.0,1.0,1.0,1.0,1.0,1.0,1.0,1.0,1.0,1.0,1.0,1.0,1.0,1.0,1.0,1.0,1.0,60,60,60,60,60,60,60,60,60,60
2000-01-31,1.0,1.0,1.0,1.0,1.0,1.0,1.0,1.0,1.0,1.0,1.0,1.0,1.0,1.0,1.0,1.0,1.0,1.0,1.0,1.0,1.0,61,61,61,61,61,61,61,61,61,61
2000-02-29,1.0,1.0,1.0,1.0,1.0,1.0,1.0,1.0,1.0,1.0,1.0,1.0,1.0,1.0,1.0,1.0,1.0,1.0,1.0,1.0,1.0,62,62,62,62,62,62,62,62,62,62
2000-03-31,1.0,1.0,1.0,1.0,1.0,1.0,1.0,1.0,1.0,1.0,1.0,1.0,1.0,1.0,1.0,1.0,1.0,1.0,1.0,1.0,1.0,63,63,63,63,63,63,63,63,63,63
2000-04-30,1.0,1.0,1.0,1.0,1.0,1.0,1.0,1.0,1.0,1.0,1.0,1.0,1.0,1.0,1.0,1.0,1.0,1.0,1.0,1.0,1.0,64,64,64,64,64,64,64,64,64,64
2000-05-31,1.0,1.0,1.0,1.0,1.0,1.0,1.0,1.0,1.0,1.0,1.0,1.0,1.0,1.0,1.0,1.0,1.0,1.0,1.0,1.0,1.0,65,65,65,65,65,65,65,65,65,65
2000-06-30,1.0,1.0,1.0,1.0,1.0,1.0,1.0,1.0,1.0,1.0,1.0,1.0,1.0,1.0,1.0,1.0,1.0,1.0,1.0,1.0,1.0,66,66,66,66,66,66,66,66,66,66
2000-07-31,1.0,1.0,1.0,1.0,1.0,1.0,1.0,1.0,1.0,1.0,1.0,1.0,1.0,1.0,1.0,1.0,1.0,1.0,1.0,1.0,1.0,67,67,67,67,67,67,67,67,67,67
2000-08-31,1.0,1.0,1.0,1.0,1.0,1.0,1.0,1.0,1.0,1.0,1.0,1.0,1.0,1.0,1.0,1.0,1.0,1.0,1.0,1.0,1.0,68,68,68,68,68,68,68,68,68,68
2000-09-30,1.0,1.0,1.0,1.0,1.0,1.0,1.0,1.0,1.0,1.0,1.0,1.0,1.0,1.0,1.0,1.0,1.0,1.0,1.0,1.0,1.0,69,69,69,69,69,69,69,69,69,69
2000-10-31,1.0,1.0,1.0,1.0,1.0,1.0,1.0,1.0,1.0,1.0,1.0,1.0,1.0,1.0,1.0,1.0,1.0,1.0,1.0,1.0,1.0,70,70,70,70,70,70,70,70,70,70
2000-11-30,1.0,1.0,1.0,1.0,1.0,1.0,1.0,1.0,1.0,1.0,1.0,1.0,1.0,1.0,1.0,1.0,1.0,1.0,1.0,1.0,1.0,71,71,71,71,71,71,71,71,71,71
2000-12-31,1.0,1.0,1.0,1.0,1.0,1.0,1.0,1.0,1.0,1.0,1.0,1.0,1.0,1.0,1.0,1.0,1.0,1.0,1.0,1.0,1.0,72,72,72,72,72,72,72,72,72,72
2001-01-31,1.0,1.0,1.0,1.0,1.0,1.0,1.0,1.0,1.0,1.0,1.0,1.0,1.0,1.0,1.0,1.0,1.0,1.0,1.0,1.0,1.0,73,73,73,73,73,73,73,73,73,73
2001-02-28,1.0,1.0,1.0,1.0,1.0,1.0,1.0,1.0,1.0,1.0,1.0,1.0,1.0,1.0,1.0,1.0,1.0,1.0,1.0,1.0,1.0,74,74,74,74,74,74,74,74,74,74
2001-03-31,1.0,1.0,1.0,1.0,1.0,1.0,1.0,1.0,1.0,1.0,1.0,1.0,1.0,1.0,1.0,1.0,1.0,1.0,1.0,1.0,1.0,75,75,75,75,75,75,75,75,75,75
2001-04-30,1.0,1.0,1.0,1.0,1.0,1.0,1.0,1.0,1.0,1.0,1.0,1.0,1.0,1.0,1.0,1.0,1.0,1.0,1.0,1.0,1.0,76,76,76,76,76,76,76,76,76,76
2001-05-31,1.0,1.0,1.0,1.0,1.0,1.0,1.0,1.0,1.0,1.0,1.0,1.0,1.0,1.0,1.0,1.0,1.0,1.0,1.0,1.0,1.0,77,77,77,77,77,77,77,77,77,77
2001-06-30,1.0,1.0,1.0,1.0,1.0,1.0,1.0,1.0,1.0,1.0,1.0,1.0,1.0,1.0,1.0,1.0,1.0,1.0,1.0,1.0,1.0,78,78,78,78,78,78,78,78,78,78
2001-07-31,1.0,1.0,1.0,1.0,1.0,1.0,1.0,1.0,1.0,1.0,1.0,1.0,1.0,1.0,1.0,1.0,1.0,1.0,1.0,1.0,1.0,79,79,79,79,79,79,79,79,79,79
2001-08-31,1.0,1.0,1.0,1.0,1.0,1.0,1.0,1.0,1.0,1.0,1.0,1.0,1.0,1.0,1.0,1.0,1.0,1.0,1.0,1.0,1.0,80,80,80,80,80,80,80,80,80,80
2001-09-30,1.0,1.0,1.0,1.0,1.0,1.0,1.0,1.0,1.0,1.0,1.0,1.0,1.0,1.0,1.0,1.0,1.0,1.0,1.0,1.0,1.0,81,81,81,81,81,81,81,81,81,81
2001-10-31,1.0,1.0,1.0,1.0,1.0,1.0,1.0,1.0,1.0,1.0,1.0,1.0,1.0,1.0,1.0,1.0,1.0,1.0,1.0,1.0,1.0,82,82,82,82,82,82,82,82,82,82
2001-11-30,1.0,1.0,1.0,1.0,1.0,1.0,1.0,1.0,1.0,1.0,1.0,1.0,1.0,1.0,1.0,1.0,1.0,1.0,1.0,1.0,1.0,83,83,83,83,83,83,83,83,83,83
2001-12-31,1.0,1.0,1.0,1.0,1.0,1.0,1.0,1.0,1.0,1.0,1.0,1.0,1.0,1.0,1.0,1.0,1.0,1.0,1.0,1.0,1.0,84,84,84,84,84,84,84,84,84,84
2002-01-31,1.0,1.0,1.0,1.0,1.0,1.0,1.0,1.0,1.0,1.0,1.0,1.0,1.0,1.0,1.0,1.0,1.0,1.0,1.0,1.0,1.0,85,85,85,85,85,85,85,85,85,85
2002-02-28,1.0,1.0,1.0,1.0,1.0,1.0,1.0,1.0,1.0,1.0,1.0,1.0,1.0,1.0,1.0,1.0,1.0,1.0,1.0,1.0,1.0,86,86,86,86,86,86,86,86,86,86
2002-03-31,1.0,1.0,1.0,1.0,1.0,1.0,1.0,1.0,1.0,1.0,1.0,1.0,1.0,1.0,1.0,1.0,1.0,1.0,1.0,1.0,1.0,87,87,87,87,87,87,87,87,87,87
2002-04-30,1.0,1.0,1.0,1.0,1.0,1.0,1.0,1.0,1.0,1.0,1.0,1.0,1.0,1.0,1.0,1.0,1.0,1.0,1.0,1.0,1.0,88,88,88,88,88,88,88,88,88,88
2002-05-31,1.0,1.0,1.0,1.0,1.0,1.0,1.0,1.0,1.0,1.0,1.0,1.0,1.0,1.0,1.0,1.0,1.0,1.0,1.0,1.0,1.0,89,89,89,89,89,89,89,89,89,89
2002-06-30,1.0,1.0,1.0,1.0,1.0,1.0,1.0,1.0,1.0,1.0,1.0,1.0,1.0,1.0,1.0,1.0,1.0,1.0,1.0,1.0,1.0,90,90,90,90,90,90,90,90,90,90
2002-07-31,1.0,1.0,1.0,1.0,1.0,1.0,1.0,1.0,1.0,1.0,1.0,1.0,1.0,1.0,1.0,1.0,1.0,1.0,1.0,1.0,1.0,91,91,91,91,91,91,91,91,91,91
2002-08-31,1.0,1.0,1.0,1.0,1.0,1.0,1.0,1.0,1.0,1.0,1.0,1.0,1.0,1.0,1.0,1.0,1.0,1.0,1.0,1.0,1.0,92,92,92,92,92,92,92,92,92,92
2002-09-30,1.0,1.0,1.0,1.0,1.0,1.0,1.0,1.0,1.0,1.0,1.0,1.0,1.0,1.0,1.0,1.0,1.0,1.0,1.0,1.0,1.0,93,93,93,93,93,93,93,93,93,93
2002-10-31,1.0,1.0,1.0,1.0,1.0,1.0,1.0,1.0,1.0,1.0,1.0,1.0,1.0,1.0,1.0,1.0,1.0,1.0,1.0,1.0,1.0,94,94,94,94,94,94,94,94,94,94
2002-11-30,1.0,1.0,1.0,1.0,1.0,1.0,1.0,1.0,1.0,1.0,1.0,1.0,1.0,1.0,1.0,1.0,1.0,1.0,1.0,1.0,1.0,95,95,95,95,95,95,95,95,95,95
2002-12-31,1.0,1.0,1.0,1.0,1.0,1.0,1.0,1.0,1.0,1.0,1.0,1.0,1.0,1.0,1.0,1.0,1.0,1.0,1.0,1.0,1.0,96,96,96,96,96,96,96,96,96,96
2003-01-31,1.0,1.0,1.0,1.0,1.0,1.0,1.0,1.0,1.0,1.0,1.0,1.0,1.0,1.0,1.0,1.0,1.0,1.0,1.0,1.0,1.0,97,97,97,97,97,97,97,97,97,97
2003-02-28,1.0,1.0,1.0,1.0,1.0,1.0,1.0,1.0,1.0,1.0,1.0,1.0,1.0,1.0,1.0,1.0,1.0,1.0,1.0,1.0,1.0,98,98,98,98,98,98,98,98,98,98
2003-03-31,1.0,1.0,1.0,1.0,1.0,1.0,1.0,1.0,1.0,1.0,1.0,1.0,1.0,1.0,1.0,1.0,1.0,1.0,1.0,1.0,1.0,99,99,99,99,99,99,99,99,99,99
2003-04-30,1.0,1.0,1.0,1.0,1.0,1.0,1.0,1.0,1.0,1.0,1.0,1.0,1.0,1.0,1.0,1.0,1.0,1.0,1.0,1.0,1.0,100,100,100,100,100,100,100,100,100,100
2003-05-31,1.0,1.0,1.0,1.0,1.0,1.0,1.0,1.0,1.0,1.0,1.0,1.0,1.0,1.0,1.0,1.0,1.0,1.0,1.0,1.0,1.0,101,101,101,101,101,101,101,101,101,101
2003-06-30,1.0,1.0,1.0,1.0,1.0,1.0,1.0,1.0,1.0,1.0,1.0,1.0,1.0,1.0,1.0,1.0,1.0,1.0,1.0,1.0,1.0,102,102,102,102,102,102,102,102,102,102
2003-07-31,1.0,1.0,1.0,1.0,1.0,1.0,1.0,1.0,1.0,1.0,1.0,1.0,1.0,1.0,1.0,1.0,1.0,1.0,1.0,1.0,1.0,103,103,103,103,103,103,103,103,103,103
2003-08-31,1.0,1.0,1.0,1.0,1.0,1.0,1.0,1.0,1.0,1.0,1.0,1.0,1.0,1.0,1.0,1.0,1.0,1.0,1.0,1.0,1.0,104,104,104,104,104,104,104,104,104,104
2003-09-30,1.0,1.0,1.0,1.0,1.0,1.0,1.0,1.0,1.0,1.0,1.0,1.0,1.0,1.0,1.0,1.0,1.0,1.0,1.0,1.0,1.0,105,105,105,105,105,105,105,105,105,105
2003-10-31,1.0,1.0,1.0,1.0,1.0,1.0,1.0,1.0,1.0,1.0,1.0,1.0,1.0,1.0,1.0,1.0,1.0,1.0,1.0,1.0,1.0,106,106,106,106,106,106,106,106,106,106
2003-11-30,1.0,1.0,1.0,1.0,1.0,1.0,1.0,1.0,1.0,1.0,1.0,1.0,1.0,1.0,1.0,1.0,1.0,1.0,1.0,1.0,1.0,107,107,107,107,107,107,107,107,107,107
2003-12-31,1.0,1.0,1.0,1.0,1.0,1.0,1.0,1.0,1.0,1.0,1.0,1.0,1.0,1.0,1.0,1.0,1.0,1.0,1.0,1.0,1.0,108,108,108,108,108,108,108,108,108,108
2004-01-31,1.0,1.0,1.0,1.0,1.0,1.0,1.0,1.0,1.0,1.0,1.0,1.0,1.0,1.0,1.0,1.0,1.0,1.0,1.0,1.0,1.0,109,109,109,109,109,109,109,109,109,109
2004-02-29,1.0,1.0,1.0,1.0,1.0,1.0,1.0,1.0,1.0,1.0,1.0,1.0,1.0,1.0,1.0,1.0,1.0,1.0,1.0,1.0,1.0,110,110,110,110,110,110,110,110,110,110
2004-03-31,1.0,1.0,1.0,1.0,1.0,1.0,1.0,1.0,1.0,1.0,1.0,1.0,1.0,1.0,1.0,1.0,1.0,1.0,1.0,1.0,1.0,111,111,111,111,111,111,111,111,111,111
2004-04-30,1.0,1.0,1.0,1.0,1.0,1.0,1.0,1.0,1.0,1.0,1.0,1.0,1.0,1.0,1.0,1.0,1.0,1.0,1.0,1.0,1.0,112,112,112,112,112,112,112,112,112,112
2004-05-31,1.0,1.0,1.0,1.0,1.0,1.0,1.0,1.0,1.0,1.0,1.0,1.0,1.0,1.0,1.0,1.0,1.0,1.0,1.0,1.0,1.0,113,113,113,113,113,113,113,113,113,113
2004-06-30,1.0,1.0,1.0,1.0,1.0,1.0,1.0,1.0,1.0,1.0,1.0,1.0,1.0,1.0,1.0,1.0,1.0,1.0,1.0,1.0,1.0,114,114,114,114,114,114,114,114,114,114
2004-07-31,1.0,1.0,1.0,1.0,1.0,1.0,1.0,1.0,1.0,1.0,1.0,1.0,1.0,1.0,1.0,1.0,1.0,1.0,1.0,1.0,1.0,115,115,115,115,115,115,115,115,115,115
2004-08-31,1.0,1.0,1.0,1.0,1.0,1.0,1.0,1.0,1.0,1.0,1.0,1.0,1.0,1.0,1.0,1.0,1.0,1.0,1.0,1.0,1.0,116,116,116,116,116,116,116,116,116,116
2004-09-30,1.0,1.0,1.0,1.0,1.0,1.0,1.0,1.0,1.0,1.0,1.0,1.0,1.0,1.0,1.0,1.0,1.0,1.0,1.0,1.0,1.0,117,117,117,117,117,117,117,117,117,117
2004-10-31,1.0,1.0,1.0,1.0,1.0,1.0,1.0,1.0,1.0,1.0,1.0,1.0,1.0,1.0,1.0,1.0,1.0,1.0,1.0,1.0,1.0,118,118,118,118,118,118,118,118,118,118
2004-11-30,1.0,1.0,1.0,1.0,1.0,1.0,1.0,1.0,1.0,1.0,1.0,1.0,1.0,1.0,1.0,1.0,1.0,1.0,1.0,1.0,1.0,119,119,119,119,119,119,119,119,119,119
2004-12-31,1.0,1.0,1.0,1.0,1.0,1.0,1.0,1.0,1.0,1.0,1.0,1.0,1.0,1.0,1.0,1.0,1.0,1.0,1.0,1.0,1.0,120,120,120,120,120,120,120,120,120,120
2005-01-31,1.0,1.0,1.0,1.0,1.0,1.0,1.0,1.0,1.0,1.0,1.0,1.0,1.0,1.0,1.0,1.0,1.0,1.0,1.0,1.0,1.0,121,121,121,121,121,121,121,121,121,121
2005-02-28,1.0,1.0,1.0,1.0,1.0,1.0,1.0,1.0,1.0,1.0,1.0,1.0,1.0,1.0,1.0,1.0,1.0,1.0,1.0,1.0,1.0,122,122,122,122,122,122,122,122,122,122
2005-03-31,1.0,1.0,1.0,1.0,1.0,1.0,1.0,1.0,1.0,1.0,1.0,1.0,1.0,1.0,1.0,1.0,1.0,1.0,1.0,1.0,1.0,123,123,123,123,123,123,123,123,123,123
2005-04-30,1.0,1.0,1.0,1.0,1.0,1.0,1.0,1.0,1.0,1.0,1.0,1.0,1.0,1.0,1.0,1.0,1.0,1.0,1.0,1.0,1.0,124,124,124,124,124,124,124,124,124,124
2005-05-31,1.0,1.0,1.0,1.0,1.0,1.0,1.0,1.0,1.0,1.0,1.0,1.0,1.0,1.0,1.0,1.0,1.0,1.0,1.0,1.0,1.0,125,125,125,125,125,125,125,125,125,125
2005-06-30,1.0,1.0,1.0,1.0,1.0,1.0,1.0,1.0,1.0,1.0,1.0,1.0,1.0,1.0,1.0,1.0,1.0,1.0,1.0,1.0,1.0,126,126,126,126,126,126,126,126,126,126
2005-07-31,1.0,1.0,1.0,1.0,1.0,1.0,1.0,1.0,1.0,1.0,1.0,1.0,1.0,1.0,1.0,1.0,1.0,1.0,1.0,1.0,1.0,127,127,127,127,127,127,127,127,127,127
2005-08-31,1.0,1.0,1.0,1.0,1.0,1.0,1.0,1.0,1.0,1.0,1.0,1.0,1.0,1.0,1.0,1.0,1.0,1.0,1.0,1.0,1.0,128,128,128,128,128,128,128,128,128,128
2005-09-30,1.0,1.0,1.0,1.0,1.0,1.0,1.0,1.0,1.0,1.0,1.0,1.0,1.0,1.0,1.0,1.0,1.0,1.0,1.0,1.0,1.0,129,129,129,129,129,129,129,129,129,129
2005-10-31,1.0,1.0,1.0,1.0,1.0,1.0,1.0,1.0,1.0,1.0,1.0,1.0,1.0,1.0,1.0,1.0,1.0,1.0,1.0,1.0,1.0,130,130,130,130,130,130,130,130,130,130
2005-11-30,1.0,1.0,1.0,1.0,1.0,1.0,1.0,1.0,1.0,1.0,1.0,1.0,1.0,1.0,1.0,1.0,1.0,1.0,1.0,1.0,1.0,131,131,131,131,131,131,131,131,131,131
2005-12-31,1.0,1.0,1.0,1.0,1.0,1.0,1.0,1.0,1.0,1.0,1.0,1.0,1.0,1.0,1.0,1.0,1.0,1.0,1.0,1.0,1.0,132,132,132,132,132,132,132,132,132,132
2006-01-31,1.0,1.0,1.0,1.0,1.0,1.0,1.0,1.0,1.0,1.0,1.0,1.0,1.0,1.0,1.0,1.0,1.0,1.0,1.0,1.0,1.0,133,133,133,133,133,133,133,133,133,133
2006-02-28,1.0,1.0,1.0,1.0,1.0,1.0,1.0,1.0,1.0,1.0,1.0,1.0,1.0,1.0,1.0,1.0,1.0,1.0,1.0,1.0,1.0,134,134,134,134,134,134,134,134,134,134
2006-03-31,1.0,1.0,1.0,1.0,1.0,1.0,1.0,1.0,1.0,1.0,1.0,1.0,1.0,1.0,1.0,1.0,1.0,1.0,1.0,1.0,1.0,135,135,135,135,135,135,135,135,135,135
2006-04-30,1.0,1.0,1.0,1.0,1.0,1.0,1.0,1.0,1.0,1.0,1.0,1.0,1.0,1.0,1.0,1.0,1.0,1.0,1.0,1.0,1.0,136,136,136,136,136,136,136,136,136,136
2006-05-31,1.0,1.0,1.0,1.0,1.0,1.0,1.0,1.0,1.0,1.0,1.0,1.0,1.0,1.0,1.0,1.0,1.0,1.0,1.0,1.0,1.0,137,137,137,137,137,137,137,137,137,137
2006-06-30,1.0,1.0,1.0,1.0,1.0,1.0,1.0,1.0,1.0,1.0,1.0,1.0,1.0,1.0,1.0,1.0,1.0,1.0,1.0,1.0,1.0,138,138,138,138,138,138,138,138,138,138
2006-07-31,1.0,1.0,1.0,1.0,1.0,1.0,1.0,1.0,1.0,1.0,1.0,1.0,1.0,1.0,1.0,1.0,1.0,1.0,1.0,1.0,1.0,139,139,139,139,139,139,139,139,139,139
2006-08-31,1.0,1.0,1.0,1.0,1.0,1.0,1.0,1.0,1.0,1.0,1.0,1.0,1.0,1.0,1.0,1.0,1.0,1.0,1.0,1.0,1.0,140,140,140,140,140,140,140,140,140,140
2006-09-30,1.0,1.0,1.0,1.0,1.0,1.0,1.0,1.0,1.0,1.0,1.0,1.0,1.0,1.0,1.0,1.0,1.0,1.0,1.0,1.0,1.0,141,141,141,141,141,141,141,141,141,141
2006-10-31,1.0,1.0,1.0,1.0,1.0,1.0,1.0,1.0,1.0,1.0,1.0,1.0,1.0,1.0,1.0,1.0,1.0,1.0,1.0,1.0,1.0,142,142,142,142,142,142,142,142,142,142
2006-11-30,1.0,1.0,1.0,1.0,1.0,1.0,1.0,1.0,1.0,1.0,1.0,1.0,1.0,1.0,1.0,1.0,1.0,1.0,1.0,1.0,1.0,143,143,143,143,143,143,143,143,143,143
2006-12-31,1.0,1.0,1.0,1.0,1.0,1.0,1.0,1.0,1.0,1.0,1.0,1.0,1.0,1.0,1.0,1.0,1.0,1.0,1.0,1.0,1.0,144,144,144,144,144,144,144,144,144,144
2007-01-31,1.0,1.0,1.0,1.0,1.0,1.0,1.0,1.0,1.0,1.0,1.0,1.0,1.0,1.0,1.0,1.0,1.0,1.0,1.0,1.0,1.0,145,145,145,145,145,145,145,145,145,145
2007-02-28,1.0,1.0,1.0,1.0,1.0,1.0,1.0,1.0,1.0,1.0,1.0,1.0,1.0,1.0,1.0,1.0,1.0,1.0,1.0,1.0,1.0,146,146,146,146,146,146,146,146,146,146
2007-03-31,1.0,1.0,1.0,1.0,1.0,1.0,1.0,1.0,1.0,1.0,1.0,1.0,1.0,1.0,1.0,1.0,1.0,1.0,1.0,1.0,1.0,147,147,147,147,147,147,147,147,147,147
2007-04-30,1.0,1.0,1.0,1.0,1.0,1.0,1.0,1.0,1.0,1.0,1.0,1.0,1.0,1.0,1.0,1.0,1.0,1.0,1.0,1.0,1.0,148,148,148,148,148,148,148,148,148,148
2007-05-31,1.0,1.0,1.0,1.0,1.0,1.0,1.0,1.0,1.0,1.0,1.0,1.0,1.0,1.0,1.0,1.0,1.0,1.0,1.0,1.0,1.0,149,149,149,149,149,149,149,149,149,149
2007-06-30,1.0,1.0,1.0,1.0,1.0,1.0,1.0,1.0,1.0,1.0,1.0,1.0,1.0,1.0,1.0,1.0,1.0,1.0,1.0,1.0,1.0,150,150,150,150,150,150,150,150,150,150
2007-07-31,1.0,1.0,1.0,1.0,1.0,1.0,1.0,1.0,1.0,1.0,1.0,1.0,1.0,1.0,1.0,1.0,1.0,1.0,1.0,1.0,1.0,151,151,151,151,151,151,151,151,151,151
2007-08-31,1.0,1.0,1.0,1.0,1.0,1.0,1.0,1.0,1.0,1.0,1.0,1.0,1.0,1.0,1.0,1.0,1.0,1.0,1.0,1.0,1.0,152,152,152,152,152,152,152,152,152,152
2007-09-30,1.0,1.0,1.0,1.0,1.0,1.0,1.0,1.0,1.0,1.0,1.0,1.0,1.0,1.0,1.0,1.0,1.0,1.0,1.0,1.0,1.0,153,153,153,153,153,153,153,153,153,153
2007-10-31,1.0,1.0,1.0,1.0,1.0,1.0,1.0,1.0,1.0,1.0,1.0,1.0,1.0,1.0,1.0,1.0,1.0,1.0,1.0,1.0,1.0,154,154,154,154,154,154,154,154,154,154
2007-11-30,1.0,1.0,1.0,1.0,1.0,1.0,1.0,1.0,1.0,1.0,1.0,1.0,1.0,1.0,1.0,1.0,1.0,1.0,1.0,1.0,1.0,155,155,155,155,155,155,155,155,155,155
2007-12-31,1.0,1.0,1.0,1.0,1.0,1.0,1.0,1.0,1.0,1.0,1.0,1.0,1.0,1.0,1.0,1.0,1.0,1.0,1.0,1.0,1.0,156,156,156,156,156,156,156,156,156,156
2008-01-31,1.0,1.0,1.0,1.0,1.0,1.0,1.0,1.0,1.0,1.0,1.0,1.0,1.0,1.0,1.0,1.0,1.0,1.0,1.0,1.0,1.0,157,157,157,157,157,157,157,157,157,157
2008-02-29,1.0,1.0,1.0,1.0,1.0,1.0,1.0,1.0,1.0,1.0,1.0,1.0,1.0,1.0,1.0,1.0,1.0,1.0,1.0,1.0,1.0,158,158,158,158,158,158,158,158,158,158
2008-03-31,1.0,1.0,1.0,1.0,1.0,1.0,1.0,1.0,1.0,1.0,1.0,1.0,1.0,1.0,1.0,1.0,1.0,1.0,1.0,1.0,1.0,159,159,159,159,159,159,159,159,159,159
2008-04-30,1.0,1.0,1.0,1.0,1.0,1.0,1.0,1.0,1.0,1.0,1.0,1.0,1.0,1.0,1.0,1.0,1.0,1.0,1.0,1.0,1.0,160,160,160,160,160,160,160,160,160,160
2008-05-31,1.0,1.0,1.0,1.0,1.0,1.0,1.0,1.0,1.0,1.0,1.0,1.0,1.0,1.0,1.0,1.0,1.0,1.0,1.0,1.0,1.0,161,161,161,161,161,161,161,161,161,161
2008-06-30,1.0,1.0,1.0,1.0,1.0,1.0,1.0,1.0,1.0,1.0,1.0,1.0,1.0,1.0,1.0,1.0,1.0,1.0,1.0,1.0,1.0,162,162,162,162,162,162,162,162,162,162
2008-07-31,1.0,1.0,1.0,1.0,1.0,1.0,1.0,1.0,1.0,1.0,1.0,1.0,1.0,1.0,1.0,1.0,1.0,1.0,1.0,1.0,1.0,163,163,163,163,163,163,163,163,163,163
2008-08-31,1.0,1.0,1.0,1.0,1.0,1.0,1.0,1.0,1.0,1.0,1.0,1.0,1.0,1.0,1.0,1.0,1.0,1.0,1.0,1.0,1.0,164,164,164,164,164,164,164,164,164,164
2008-09-30,1.0,1.0,1.0,1.0,1.0,1.0,1.0,1.0,1.0,1.0,1.0,1.0,1.0,1.0,1.0,1.0,1.0,1.0,1.0,1.0,1.0,165,165,165,165,165,165,165,165,165,165
2008-10-31,1.0,1.0,1.0,1.0,1.0,1.0,1.0,1.0,1.0,1.0,1.0,1.0,1.0,1.0,1.0,1.0,1.0,1.0,1.0,1.0,1.0,166,166,166,166,166,166,166,166,166,166
2008-11-30,1.0,1.0,1.0,1.0,1.0,1.0,1.0,1.0,1.0,1.0,1.0,1.0,1.0,1.0,1.0,1.0,1.0,1.0,1.0,1.0,1.0,167,167,167,167,167,167,167,167,167,167
2008-12-31,1.0,1.0,1.0,1.0,1.0,1.0,1.0,1.0,1.0,1.0,1.0,1.0,1.0,1.0,1.0,1.0,1.0,1.0,1.0,1.0,1.0,168,168,168,168,168,168,168,168,168,168
2009-01-31,1.0,1.0,1.0,1.0,1.0,1.0,1.0,1.0,1.0,1.0,1.0,1.0,1.0,1.0,1.0,1.0,1.0,1.0,1.0,1.0,1.0,169,169,169,169,169,169,169,169,169,169
2009-02-28,1.0,1.0,1.0,1.0,1.0,1.0,1.0,1.0,1.0,1.0,1.0,1.0,1.0,1.0,1.0,1.0,1.0,1.0,1.0,1.0,1.0,170,170,170,170,170,170,170,170,170,170
2009-03-31,1.0,1.0,1.0,1.0,1.0,1.0,1.0,1.0,1.0,1.0,1.0,1.0,1.0,1.0,1.0,1.0,1.0,1.0,1.0,1.0,1.0,171,171,171,171,171,171,171,171,171,171
2009-04-30,1.0,1.0,1.0,1.0,1.0,1.0,1.0,1.0,1.0,1.0,1.0,1.0,1.0,1.0,1.0,1.0,1.0,1.0,1.0,1.0,1.0,172,172,172,172,172,172,172,172,172,172
2009-05-31,1.0,1.0,1.0,1.0,1.0,1.0,1.0,1.0,1.0,1.0,1.0,1.0,1.0,1.0,1.0,1.0,1.0,1.0,1.0,1.0,1.0,173,173,173,173,173,173,173,173,173,173
2009-06-30,1.0,1.0,1.0,1.0,1.0,1.0,1.0,1.0,1.0,1.0,1.0,1.0,1.0,1.0,1.0,1.0,1.0,1.0,1.0,1.0,1.0,174,174,174,174,174,174,174,174,174,174
2009-07-31,1.0,1.0,1.0,1.0,1.0,1.0,1.0,1.0,1.0,1.0,1.0,1.0,1.0,1.0,1.0,1.0,1.0,1.0,1.0,1.0,1.0,175,175,175,175,175,175,175,175,175,175
2009-08-31,1.0,1.0,1.0,1.0,1.0,1.0,1.0,1.0,1.0,1.0,1.0,1.0,1.0,1.0,1.0,1.0,1.0,1.0,1.0,1.0,1.0,176,176,176,176,176,176,176,176,176,176
2009-09-30,1.0,1.0,1.0,1.0,1.0,1.0,1.0,1.0,1.0,1.0,1.0,1.0,1.0,1.0,1.0,1.0,1.0,1.0,1.0,1.0,1.0,177,177,177,177,177,177,177,177,177,177
2009-10-31,1.0,1.0,1.0,1.0,1.0,1.0,1.0,1.0,1.0,1.0,1.0,1.0,1.0,1.0,1.0,1.0,1.0,1.0,1.0,1.0,1.0,178,178,178,178,178,178,178,178,178,178
2009-11-30,1.0,1.0,1.0,1.0,1.0,1.0,1.0,1.0,1.0,1.0,1.0,1.0,1.0,1.0,1.0,1.0,1.0,1.0,1.0,1.0,1.0,179,179,179,179,179,179,179,179,179,179
2009-12-31,1.0,1.0,1.0,1.0,1.0,1.0,1.0,1.0,1.0,1.0,1.0,1.0,1.0,1.0,1.0,1.0,1.0,1.0,1.0,1.0,1.0,180,180,180,180,180,180,180,180,180,180
2010-01-31,1.0,1.0,1.0,1.0,1.0,1.0,1.0,1.0,1.0,1.0,1.0,1.0,1.0,1.0,1.0,1.0,1.0,1.0,1.0,1.0,1.0,181,181,181,181,181,181,181,181,181,181
2010-02-28,1.0,1.0,1.0,1.0,1.0,1.0,1.0,1.0,1.0,1.0,1.0,1.0,1.0,1.0,1.0,1.0,1.0,1.0,1.0,1.0,1.0,182,182,182,182,182,182,182,182,182,182
2010-03-31,1.0,1.0,1.0,1.0,1.0,1.0,1.0,1.0,1.0,1.0,1.0,1.0,1.0,1.0,1.0,1.0,1.0,1.0,1.0,1.0,1.0,183,183,183,183,183,183,183,183,183,183
2010-04-30,1.0,1.0,1.0,1.0,1.0,1.0,1.0,1.0,1.0,1.0,1.0,1.0,1.0,1.0,1.0,1.0,1.0,1.0,1.0,1.0,1.0,184,184,184,184,184,184,184,184,184,184
2010-05-31,1.0,1.0,1.0,1.0,1.0,1.0,1.0,1.0,1.0,1.0,1.0,1.0,1.0,1.0,1.0,1.0,1.0,1.0,1.0,1.0,1.0,185,185,185,185,185,185,185,185,185,185
2010-06-30,1.0,1.0,1.0,1.0,1.0,1.0,1.0,1.0,1.0,1.0,1.0,1.0,1.0,1.0,1.0,1.0,1.0,1.0,1.0,1.0,1.0,186,186,186,186,186,186,186,186,186,186
2010-07-31,1.0,1.0,1.0,1.0,1.0,1.0,1.0,1.0,1.0,1.0,1.0,1.0,1.0,1.0,1.0,1.0,1.0,1.0,1.0,1.0,1.0,187,187,187,187,187,187,187,187,187,187
2010-08-31,1.0,1.0,1.0,1.0,1.0,1.0,1.0,1.0,1.0,1.0,1.0,1.0,1.0,1.0,1.0,1.0,1.0,1.0,1.0,1.0,1.0,188,188,188,188,188,188,188,188,188,188
2010-09-30,1.0,1.0,1.0,1.0,1.0,1.0,1.0,1.0,1.0,1.0,1.0,1.0,1.0,1.0,1.0,1.0,1.0,1.0,1.0,1.0,1.0,189,189,189,189,189,189,189,189,189,189
2010-10-31,1.0,1.0,1.0,1.0,1.0,1.0,1.0,1.0,1.0,1.0,1.0,1.0,1.0,1.0,1.0,1.0,1.0,1.0,1.0,1.0,1.0,190,190,190,190,190,190,190,190,190,190
2010-11-30,1.0,1.0,1.0,1.0,1.0,1.0,1.0,1.0,1.0,1.0,1.0,1.0,1.0,1.0,1.0,1.0,1.0,1.0,1.0,1.0,1.0,191,191,191,191,191,191,191,191,191,191
2010-12-31,1.0,1.0,1.0,1.0,1.0,1.0,1.0,1.0,1.0,1.0,1.0,1.0,1.0,1.0,1.0,1.0,1.0,1.0,1.0,1.0,1.0,192,192,192,192,192,192,192,192,192,192
2011-01-31,1.0,1.0,1.0,1.0,1.0,1.0,1.0,1.0,1.0,1.0,1.0,1.0,1.0,1.0,1.0,1.0,1.0,1.0,1.0,1.0,1.0,193,193,193,193,193,193,193,193,193,193
2011-02-28,1.0,1.0,1.0,1.0,1.0,1.0,1.0,1.0,1.0,1.0,1.0,1.0,1.0,1.0,1.0,1.0,1.0,1.0,1.0,1.0,1.0,194,194,194,194,194,194,194,194,194,194
2011-03-31,1.0,1.0,1.0,1.0,1.0,1.0,1.0,1.0,1.0,1.0,1.0,1.0,1.0,1.0,1.0,1.0,1.0,1.0,1.0,1.0,1.0,195,195,195,195,195,195,195,195,195,195
2011-04-30,1.0,1.0,1.0,1.0,1.0,1.0,1.0,1.0,1.0,1.0,1.0,1.0,1.0,1.0,1.0,1.0,1.0,1.0,1.0,1.0,1.0,196,196,196,196,196,196,196,196,196,196
2011-05-31,1.0,1.0,1.0,1.0,1.0,1.0,1.0,1.0,1.0,1.0,1.0,1.0,1.0,1.0,1.0,1.0,1.0,1.0,1.0,1.0,1.0,197,197,197,197,197,197,197,197,197,197
2011-06-30,1.0,1.0,1.0,1.0,1.0,1.0,1.0,1.0,1.0,1.0,1.0,1.0,1.0,1.0,1.0,1.0,1.0,1.0,1.0,1.0,1.0,198,198,198,198,198,198,198,198,198,198
2011-07-31,1.0,1.0,1.0,1.0,1.0,1.0,1.0,1.0,1.0,1.0,1.0,1.0,1.0,1.0,1.0,1.0,1.0,1.0,1.0,1.0,1.0,199,199,199,199,199,199,199,199,199,199
2011-08-31,1.045,2.0,2.5,2.5,2.5,2.5,2.5,1.045,1.045,1.045,10.0,1.0,0.045,0.03,0.03,0.03,0.03,0.03,1.0,1.0,1.0,200,9,6,6,6,6,6,200,200,200
2011-09-30,1.044776119402985,2.5,1.044776119402985,2.5,1.044776119402985,2.5,1.044776119402985,2.5,1.044776119402985,2.5,1.0,1.0,0.02985074626865672,1.0,0.02985074626865672,1.0,0.02985074626865672,1.0,0.02985074626865672,1.0,0.02985074626865672,201,6,201,6,201,6,201,6,201,6
2011-10-31,2.5,1.0445544554455446,1.0445544554455446,2.5,1.0445544554455446,1.0445544554455446,1.0445544554455446,1.0445544554455446,2.5,2.5,1.0,0.0297029702970297,1.0,1.0,0.0297029702970297,1.0,1.0,1.0,1.0,0.0297029702970297,0.0297029702970297,6,202,202,6,202,202,202,202,6,6
2011-11-30,2.5,1.0443349753694582,2.5,1.0443349753694582,1.0443349753694582,1.0443349753694582,1.0443349753694582,2.5,2.5,2.5,1.0,0.029556650246305417,1.0,0.029556650246305417,1.0,1.0,1.0,1.0,0.029556650246305417,0.029556650246305417,0.029556650246305417,6,203,6,203,203,203,203,6,6,6
2011-12-31,1.0441176470588236,1.0441176470588236,2.5,2.5,2.5,1.0441176470588236,1.0441176470588236,1.75,1.0441176470588236,1.0441176470588236,1.0,1.0,1.0,0.029411764705882356,0.029411764705882356,0.029411764705882356,1.0,1.0,0.05882352941176471,1.0,1.0,204,204,6,6,6,204,204,12,204,204
2012-01-31,1.0439024390243905,1.0439024390243905,1.0439024390243905,1.0439024390243905,1.0439024390243905,1.0439024390243905,1.0439024390243905,1.0439024390243905,1.0439024390243905,1.0439024390243905,1.0,1.0,1.0,1.0,1.0,1.0,1.0,1.0,1.0,1.0,1.0,205,205,205,205,205,205,205,205,205,205
2012-02-29,1.0436893203883495,1.0436893203883495,1.0436893203883495,1.0436893203883495,1.0436893203883495,1.0436893203883495,1.0436893203883495,1.0436893203883495,1.0436893203883495,1.0436893203883495,1.0,1.0,1.0,1.0,1.0,1.0,1.0,1.0,1.0,1.0,1.0,206,206,206,206,206,206,206,206,206,206
2012-03-31,1.0434782608695652,1.0434782608695652,1.0434782608695652,1.0434782608695652,1.0434782608695652,1.0434782608695652,1.0434782608695652,1.0434782608695652,1.0434782608695652,1.0434782608695652,1.0,1.0,1.0,1.0,1.0,1.0,1.0,1.0,1.0,1.0,1.0,207,207,207,207,207,207,207,207,207,207
2012-04-30,1.0432692307692308,1.0432692307692308,1.0432692307692308,1.0432692307692308,1.0432692307692308,1.0432692307692308,1.0432692307692308,1.0432692307692308,1.0432692307692308,1.0432692307692308,1.0,1.0,1.0,1.0,1.0,1.0,1.0,1.0,1.0,1.0,1.0,208,208,208,208,208,208,208,208,208,208
2012-05-31,1.0430622009569377,1.0430622009569377,1.0430622009569377,1.0430622009569377,1.0430622009569377,1.0430622009569377,1.0430622009569377,1.0430622009569377,1.0430622009569377,1.0430622009569377,1.0,1.0,1.0,1.0,1.0,1.0,1.0,1.0,1.0,1.0,1.0,209,209,209,209,209,209,209,209,209,209
2012-06-30,1.042857142857143,1.042857142857143,1.042857142857143,1.042857142857143,1.042857142857143,1.042857142857143,1.042857142857143,1.042857142857143,1.042857142857143,1.042857142857143,1.0,1.0,1.0,1.0,1.0,1.0,1.0,1.0,1.0,1.0,1.0,210,210,210,210,210,210,210,210,210,210
2012-07-31,1.042654028436019,1.042654028436019,1.042654028436019,1.042654028436019,1.042654028436019,1.042654028436019,1.042654028436019,1.042654028436019,1.042654028436019,1.042654028436019,1.0,1.0,1.0,1.0,1.0,1.0,1.0,1.0,1.0,1.0,1.0,211,211,211,211,211,211,211,211,211,211
2012-08-31,1.0424528301886793,1.0424528301886793,1.0424528301886793,1.0424528301886793,1.0424528301886793,1.0424528301886793,1.0424528301886793,1.0424528301886793,1.0424528301886793,1.0424528301886793,1.0,1.0,1.0,1.0,1.0,1.0,1.0,1.0,1.0,1.0,1.0,212,212,212,212,212,212,212,212,212,212
2012-09-30,1.0422535211267605,1.0422535211267605,1.0422535211267605,1.0422535211267605,1.0422535211267605,1.0422535211267605,1.0422535211267605,1.0422535211267605,1.0422535211267605,1.0422535211267605,1.0,1.0,1.0,1.0,1.0,1.0,1.0,1.0,1.0,1.0,1.0,213,213,213,213,213,213,213,213,213,213
2012-10-31,1.0420560747663552,1.0420560747663552,1.0420560747663552,1.0420560747663552,1.0420560747663552,1.0420560747663552,1.0420560747663552,1.0420560747663552,1.0420560747663552,1.0420560747663552,1.0,1.0,1.0,1.0,1.0,1.0,1.0,1.0,1.0,1.0,1.0,214,214,214,214,214,214,214,214,214,214
2012-11-30,1.041860465116279,1.041860465116279,1.041860465116279,1.041860465116279,1.041860465116279,1.041860465116279,1.041860465116279,1.041860465116279,1.041860465116279,1.041860465116279,1.0,1.0,1.0,1.0,1.0,1.0,1.0,1.0,1.0,1.0,1.0,215,215,215,215,215,215,215,215,215,215
2012-12-31,1.0416666666666667,1.0416666666666667,1.0416666666666667,1.0416666666666667,1.0416666666666667,1.0416666666666667,1.0416666666666667,1.0416666666666667,1.0416666666666667,1.0416666666666667,1.0,1.0,1.0,1.0,1.0,1.0,1.0,1.0,1.0,1.0,1.0,216,216,216,216,216,216,216,216,216,216
2013-01-31,1.04147465437788,1.04147465437788,1.04147465437788,1.04147465437788,1.04147465437788,1.04147465437788,1.04147465437788,1.04147465437788,1.04147465437788,1.04147465437788,1.0,1.0,1.0,1.0,1.0,1.0,1.0,1.0,1.0,1.0,1.0,217,217,217,217,217,217,217,217,217,217
2013-02-28,1.0412844036697249,1.0412844036697249,1.0412844036697249,1.0412844036697249,1.0412844036697249,1.0412844036697249,1.0412844036697249,1.0412844036697249,1.0412844036697249,1.0412844036697249,1.0,1.0,1.0,1.0,1.0,1.0,1.0,1.0,1.0,1.0,1.0,218,218,218,218,218,218,218,218,218,218
2013-03-31,1.0410958904109588,1.0410958904109588,1.0410958904109588,1.0410958904109588,1.0410958904109588,1.0410958904109588,1.0410958904109588,1.0410958904109588,1.0410958904109588,1.0410958904109588,1.0,1.0,1.0,1.0,1.0,1.0,1.0,1.0,1.0,1.0,1.0,219,219,219,219,219,219,219,219,219,219
2013-04-30,1.040909090909091,1.040909090909091,1.040909090909091,1.040909090909091,1.040909090909091,1.040909090909091,1.040909090909091,1.040909090909091,1.040909090909091,1.040909090909091,1.0,1.0,1.0,1.0,1.0,1.0,1.0,1.0,1.0,1.0,1.0,220,220,220,220,220,220,220,220,220,220
2013-05-31,1.0407239819004526,1.0407239819004526,1.0407239819004526,1.0407239819004526,1.0407239819004526,1.0407239819004526,1.0407239819004526,1.0407239819004526,1.0407239819004526,1.0407239819004526,1.0,1.0,1.0,1.0,1.0,1.0,1.0,1.0,1.0,1.0,1.0,221,221,221,221,221,221,221,221,221,221
2013-06-30,1.0405405405405406,1.0405405405405406,1.0405405405405406,1.0405405405405406,1.0405405405405406,1.0405405405405406,1.0405405405405406,1.0405405405405406,1.0405405405405406,1.0405405405405406,1.0,1.0,1.0,1.0,1.0,1.0,1.0,1.0,1.0,1.0,1.0,222,222,222,222,222,222,222,222,222,222
2013-07-31,1.0403587443946187,1.0403587443946187,1.0403587443946187,1.0403587443946187,1.0403587443946187,1.0403587443946187,1.0403587443946187,1.0403587443946187,1.0403587443946187,1.0403587443946187,1.0,1.0,1.0,1.0,1.0,1.0,1.0,1.0,1.0,1.0,1.0,223,223,223,223,223,223,223,223,223,223
2013-08-31,1.0401785714285714,1.0401785714285714,1.0401785714285714,1.0401785714285714,1.0401785714285714,1.0401785714285714,1.0401785714285714,1.0401785714285714,1.0401785714285714,1.0401785714285714,1.0,1.0,1.0,1.0,1.0,1.0,1.0,1.0,1.0,1.0,1.0,224,224,224,224,224,224,224,224,224,224
2013-09-30,1.04,1.04,1.04,1.04,1.04,1.04,1.04,1.04,1.04,1.04,1.0,1.0,1.0,1.0,1.0,1.0,1.0,1.0,1.0,1.0,1.0,225,225,225,225,225,225,225,225,225,225
2013-10-31,1.0398230088495577,1.0398230088495577,1.0398230088495577,1.0398230088495577,1.0398230088495577,1.0398230088495577,1.0398230088495577,1.0398230088495577,1.0398230088495577,1.0398230088495577,1.0,1.0,1.0,1.0,1.0,1.0,1.0,1.0,1.0,1.0,1.0,226,226,226,226,226,226,226,226,226,226
2013-11-30,1.039647577092511,1.039647577092511,1.039647577092511,1.039647577092511,1.039647577092511,1.039647577092511,1.039647577092511,1.039647577092511,1.039647577092511,1.039647577092511,1.0,1.0,1.0,1.0,1.0,1.0,1.0,1.0,1.0,1.0,1.0,227,227,227,227,227,227,227,227,227,227
2013-12-31,1.0394736842105263,1.0394736842105263,1.0394736842105263,1.0394736842105263,1.0394736842105263,1.0394736842105263,1.0394736842105263,1.0394736842105263,1.0394736842105263,1.0394736842105263,1.0,1.0,1.0,1.0,1.0,1.0,1.0,1.0,1.0,1.0,1.0,228,228,228,228,228,228,228,228,228,228
2014-01-31,1.039301310043668,1.039301310043668,1.039301310043668,1.039301310043668,1.039301310043668,1.039301310043668,1.039301310043668,1.039301310043668,1.039301310043668,1.039301310043668,1.0,1.0,1.0,1.0,1.0,1.0,1.0,1.0,1.0,1.0,1.0,229,229,229,229,229,229,229,229,229,229
2014-02-28,1.0391304347826087,1.0391304347826087,1.0391304347826087,1.0391304347826087,1.0391304347826087,1.0391304347826087,1.0391304347826087,1.0391304347826087,1.0391304347826087,1.0391304347826087,1.0,1.0,1.0,1.0,1.0,1.0,1.0,1.0,1.0,1.0,1.0,230,230,230,230,230,230,230,230,230,230
2014-03-31,1.0389610389610389,1.0389610389610389,1.0389610389610389,1.0389610389610389,1.0389610389610389,1.0389610389610389,1.0389610389610389,1.0389610389610389,1.0389610389610389,1.0389610389610389,1.0,1.0,1.0,1.0,1.0,1.0,1.0,1.0,1.0,1.0,1.0,231,231,231,231,231,231,231,231,231,231
2014-04-30,1.0387931034482758,1.0387931034482758,1.0387931034482758,1.0387931034482758,1.0387931034482758,1.0387931034482758,1.0387931034482758,1.0387931034482758,1.0387931034482758,1.0387931034482758,1.0,1.0,1.0,1.0,1.0,1.0,1.0,1.0,1.0,1.0,1.0,232,232,232,232,232,232,232,232,232,232
2014-05-31,1.03862660944206,1.03862660944206,1.03862660944206,1.03862660944206,1.03862660944206,1.03862660944206,1.03862660944206,1.03862660944206,1.03862660944206,1.03862660944206,1.0,1.0,1.0,1.0,1.0,1.0,1.0,1.0,1.0,1.0,1.0,233,233,233,233,233,233,233,233,233,233
2014-06-30,1.0384615384615383,1.0384615384615383,1.0384615384615383,1.0384615384615383,1.0384615384615383,1.0384615384615383,1.0384615384615383,1.0384615384615383,1.0384615384615383,1.0384615384615383,1.0,1.0,1.0,1.0,1.0,1.0,1.0,1.0,1.0,1.0,1.0,234,234,234,234,234,234,234,234,234,234
2014-07-31,1.0382978723404257,1.0382978723404257,1.0382978723404257,1.0382978723404257,1.0382978723404257,1.0382978723404257,1.0382978723404257,1.0382978723404257,1.0382978723404257,1.0382978723404257,1.0,1.0,1.0,1.0,1.0,1.0,1.0,1.0,1.0,1.0,1.0,235,235,235,235,235,235,235,235,235,235
2014-08-31,1.0381355932203389,1.0381355932203389,1.0381355932203389,1.0381355932203389,1.0381355932203389,1.0381355932203389,1.0381355932203389,1.0381355932203389,1.0381355932203389,1.0381355932203389,1.0,1.0,1.0,1.0,1.0,1.0,1.0,1.0,1.0,1.0,1.0,236,236,236,236,236,236,236,236,236,236
2014-09-30,1.0379746835443038,1.0379746835443038,1.0379746835443038,1.0379746835443038,1.0379746835443038,1.0379746835443038,1.0379746835443038,1.0379746835443038,1.0379746835443038,1.0379746835443038,1.0,1.0,1.0,1.0,1.0,1.0,1.0,1.0,1.0,1.0,1.0,237,237,237,237,237,237,237,237,237,237
2014-10-31,1.0378151260504205,1.0378151260504205,1.0378151260504205,1.0378151260504205,1.0378151260504205,1.0378151260504205,1.0378151260504205,1.0378151260504205,1.0378151260504205,1.0378151260504205,1.0,1.0,1.0,1.0,1.0,1.0,1.0,1.0,1.0,1.0,1.0,238,238,238,238,238,238,238,238,238,238
2014-11-30,1.0376569037656904,1.0376569037656904,1.0376569037656904,1.0376569037656904,1.0376569037656904,1.0376569037656904,1.0376569037656904,1.0376569037656904,1.0376569037656904,1.0376569037656904,1.0,1.0,1.0,1.0,1.0,1.0,1.0,1.0,1.0,1.0,1.0,239,239,239,239,239,239,239,239,239,239
2014-12-31,1.0375,1.0375,1.0375,1.0375,1.0375,1.0375,1.0375,1.0375,1.0375,1.0375,1.0,1.0,1.0,1.0,1.0,1.0,1.0,1.0,1.0,1.0,1.0,240,240,240,240,240,240,240,240,240,240
2015-01-31,1.037344398340249,1.037344398340249,1.037344398340249,1.037344398340249,1.037344398340249,1.037344398340249,1.037344398340249,1.037344398340249,1.037344398340249,1.037344398340249,1.0,1.0,1.0,1.0,1.0,1.0,1.0,1.0,1.0,1.0,1.0,241,241,241,241,241,241,241,241,241,241
2015-02-28,1.037190082644628,1.037190082644628,1.037190082644628,1.037190082644628,1.037190082644628,1.037190082644628,1.037190082644628,1.037190082644628,1.037190082644628,1.037190082644628,1.0,1.0,1.0,1.0,1.0,1.0,1.0,1.0,1.0,1.0,1.0,242,242,242,242,242,242,242,242,242,242
2015-03-31,1.037037037037037,1.037037037037037,1.037037037037037,1.037037037037037,1.037037037037037,1.037037037037037,1.037037037037037,1.037037037037037,1.037037037037037,1.037037037037037,1.0,1.0,1.0,1.0,1.0,1.0,1.0,1.0,1.0,1.0,1.0,243,243,243,243,243,243,243,243,243,243
2015-04-30,1.036885245901639,1.036885245901639,1.036885245901639,1.036885245901639,1.036885245901639,1.036885245901639,1.036885245901639,1.036885245901639,1.036885245901639,1.036885245901639,1.0,1.0,1.0,1.0,1.0,1.0,1.0,1.0,1.0,1.0,1.0,244,244,244,244,244,244,244,244,244,244
2015-05-31,1.036734693877551,1.036734693877551,1.036734693877551,1.036734693877551,1.036734693877551,1.036734693877551,1.036734693877551,1.036734693877551,1.036734693877551,1.036734693877551,1.0,1.0,1.0,1.0,1.0,1.0,1.0,1.0,1.0,1.0,1.0,245,245,245,245,245,245,245,245,245,245
2015-06-30,1.0365853658536586,1.0365853658536586,1.0365853658536586,1.0365853658536586,1.0365853658536586,1.0365853658536586,1.0365853658536586,1.0365853658536586,1.0365853658536586,1.0365853658536586,1.0,1.0,1.0,1.0,1.0,1.0,1.0,1.0,1.0,1.0,1.0,246,246,246,246,246,246,246,246,246,246
2015-07-31,1.0364372469635628,1.0364372469635628,1.0364372469635628,1.0364372469635628,1.0364372469635628,1.0364372469635628,1.0364372469635628,1.0364372469635628,1.0364372469635628,1.0364372469635628,1.0,1.0,1.0,1.0,1.0,1.0,1.0,1.0,1.0,1.0,1.0,247,247,247,247,247,247,247,247,247,247
2015-08-31,1.0362903225806452,1.0362903225806452,1.0362903225806452,1.0362903225806452,1.0362903225806452,1.0362903225806452,1.0362903225806452,1.0362903225806452,1.0362903225806452,1.0362903225806452,1.0,1.0,1.0,1.0,1.0,1.0,1.0,1.0,1.0,1.0,1.0,248,248,248,248,248,248,248,248,248,248
2015-09-30,1.036144578313253,1.036144578313253,1.036144578313253,1.036144578313253,1.036144578313253,1.036144578313253,1.036144578313253,1.036144578313253,1.036144578313253,1.036144578313253,1.0,1.0,1.0,1.0,1.0,1.0,1.0,1.0,1.0,1.0,1.0,249,249,249,249,249,249,249,249,249,249
2015-10-31,1.036,1.036,1.036,1.036,1.036,1.036,1.036,1.036,1.036,1.036,1.0,1.0,1.0,1.0,1.0,1.0,1.0,1.0,1.0,1.0,1.0,250,250,250,250,250,250,250,250,250,250
2015-11-30,1.0358565737051793,1.0358565737051793,1.0358565737051793,1.0358565737051793,1.0358565737051793,1.0358565737051793,1.0358565737051793,1.0358565737051793,1.0358565737051793,1.0358565737051793,1.0,1.0,1.0,1.0,1.0,1.0,1.0,1.0,1.0,1.0,1.0,251,251,251,251,251,251,251,251,251,251
2015-12-31,1.0357142857142858,1.0357142857142858,1.0357142857142858,1.0357142857142858,1.0357142857142858,1.0357142857142858,1.0357142857142858,1.0357142857142858,1.0357142857142858,1.0357142857142858,1.0,1.0,1.0,1.0,1.0,1.0,1.0,1.0,1.0,1.0,1.0,252,252,252,252,252,252,252,252,252,252
2016-01-31,1.0355731225296445,1.0355731225296445,1.0355731225296445,1.0355731225296445,1.0355731225296445,1.0355731225296445,1.0355731225296445,1.0355731225296445,1.0355731225296445,1.0355731225296445,1.0,1.0,1.0,1.0,1.0,1.0,1.0,1.0,1.0,1.0,1.0,253,253,253,253,253,253,253,253,253,253
2016-02-29,1.0354330708661417,1.0354330708661417,1.0354330708661417,1.0354330708661417,1.0354330708661417,1.0354330708661417,1.0354330708661417,1.0354330708661417,1.0354330708661417,1.0354330708661417,1.0,1.0,1.0,1.0,1.0,1.0,1.0,1.0,1.0,1.0,1.0,254,254,254,254,254,254,254,254,254,254
2016-03-31,1.0352941176470591,1.0352941176470591,1.0352941176470591,1.0352941176470591,1.0352941176470591,1.0352941176470591,1.0352941176470591,1.0352941176470591,1.0352941176470591,1.0352941176470591,1.0,1.0,1.0,1.0,1.0,1.0,1.0,1.0,1.0,1.0,1.0,255,255,255,255,255,255,255,255,255,255
2016-04-30,1.03515625,1.03515625,1.03515625,1.03515625,1.03515625,1.03515625,1.03515625,1.03515625,1.03515625,1.03515625,1.0,1.0,1.0,1.0,1.0,1.0,1.0,1.0,1.0,1.0,1.0,256,256,256,256,256,256,256,256,256,256
2016-05-31,1.0350194552529184,1.0350194552529184,1.0350194552529184,1.0350194552529184,1.0350194552529184,1.0350194552529184,1.0350194552529184,1.0350194552529184,1.0350194552529184,1.0350194552529184,1.0,1.0,1.0,1.0,1.0,1.0,1.0,1.0,1.0,1.0,1.0,257,257,257,257,257,257,257,257,257,257
2016-06-30,1.0348837209302326,1.0348837209302326,1.0348837209302326,1.0348837209302326,1.0348837209302326,1.0348837209302326,1.0348837209302326,1.0348837209302326,1.0348837209302326,1.0348837209302326,1.0,1.0,1.0,1.0,1.0,1.0,1.0,1.0,1.0,1.0,1.0,258,258,258,258,258,258,258,258,258,258
2016-07-31,1.034749034749035,1.034749034749035,1.034749034749035,1.034749034749035,1.034749034749035,1.034749034749035,1.034749034749035,1.034749034749035,1.034749034749035,1.034749034749035,1.0,1.0,1.0,1.0,1.0,1.0,1.0,1.0,1.0,1.0,1.0,259,259,259,259,259,259,259,259,259,259
2016-08-31,1.0346153846153847,1.0346153846153847,1.0346153846153847,1.0346153846153847,1.0346153846153847,1.0346153846153847,1.0346153846153847,1.0346153846153847,1.0346153846153847,1.0346153846153847,1.0,1.0,1.0,1.0,1.0,1.0,1.0,1.0,1.0,1.0,1.0,260,260,260,260,260,260,260,260,260,260
2016-09-30,1.0344827586206895,1.0344827586206895,1.0344827586206895,1.0344827586206895,1.0344827586206895,1.0344827586206895,1.0344827586206895,1.0344827586206895,1.0344827586206895,1.0344827586206895,1.0,1.0,1.0,1.0,1.0,1.0,1.0,1.0,1.0,1.0,1.0,261,261,261,261,261,261,261,261,261,261
2016-10-31,1.034351145038168,1.034351145038168,1.034351145038168,1.034351145038168,1.034351145038168,1.034351145038168,1.034351145038168,1.034351145038168,1.034351145038168,1.034351145038168,1.0,1.0,1.0,1.0,1.0,1.0,1.0,1.0,1.0,1.0,1.0,262,262,262,262,262,262,262,262,262,262
2016-11-30,1.0342205323193916,1.0342205323193916,1.0342205323193916,1.0342205323193916,1.0342205323193916,1.0342205323193916,1.0342205323193916,1.0342205323193916,1.0342205323193916,1.0342205323193916,1.0,1.0,1.0,1.0,1.0,1.0,1.0,1.0,1.0,1.0,1.0,263,263,263,263,263,263,263,263,263,263
2016-12-31,1.0340909090909092,1.0340909090909092,1.0340909090909092,1.0340909090909092,1.0340909090909092,1.0340909090909092,1.0340909090909092,1.0340909090909092,1.0340909090909092,1.0340909090909092,1.0,1.0,1.0,1.0,1.0,1.0,1.0,1.0,1.0,1.0,1.0,264,264,264,264,264,264,264,264,264,264
2017-01-31,1.0339622641509434,1.0339622641509434,1.0339622641509434,1.0339622641509434,1.0339622641509434,1.0339622641509434,1.0339622641509434,1.0339622641509434,1.0339622641509434,1.0339622641509434,1.0,1.0,1.0,1.0,1.0,1.0,1.0,1.0,1.0,1.0,1.0,265,265,265,265,265,265,265,265,265,265
2017-02-28,1.033834586466165,1.033834586466165,1.033834586466165,1.033834586466165,1.033834586466165,1.033834586466165,1.033834586466165,1.033834586466165,1.033834586466165,1.033834586466165,1.0,1.0,1.0,1.0,1.0,1.0,1.0,1.0,1.0,1.0,1.0,266,266,266,266,266,266,266,266,266,266
2017-03-31,1.0337078651685394,1.0337078651685394,1.0337078651685394,1.0337078651685394,1.0337078651685394,1.0337078651685394,1.0337078651685394,1.0337078651685394,1.0337078651685394,1.0337078651685394,1.0,1.0,1.0,1.0,1.0,1.0,1.0,1.0,1.0,1.0,1.0,267,267,267,267,267,267,267,267,267,267
2017-04-30,1.0335820895522387,1.0335820895522387,1.0335820895522387,1.0335820895522387,1.0335820895522387,1.0335820895522387,1.0335820895522387,1.0335820895522387,1.0335820895522387,1.0335820895522387,1.0,1.0,1.0,1.0,1.0,1.0,1.0,1.0,1.0,1.0,1.0,268,268,268,268,268,268,268,268,268,268
2017-05-31,1.033457249070632,1.033457249070632,1.033457249070632,1.033457249070632,1.033457249070632,1.033457249070632,1.033457249070632,1.033457249070632,1.033457249070632,1.033457249070632,1.0,1.0,1.0,1.0,1.0,1.0,1.0,1.0,1.0,1.0,1.0,269,269,269,269,269,269,269,269,269,269
2017-06-30,1.0333333333333334,1.0333333333333334,1.0333333333333334,1.0333333333333334,1.0333333333333334,1.0333333333333334,1.0333333333333334,1.0333333333333334,1.0333333333333334,1.0333333333333334,1.0,1.0,1.0,1.0,1.0,1.0,1.0,1.0,1.0,1.0,1.0,270,270,270,270,270,270,270,270,270,270
2017-07-31,1.033210332103321,1.033210332103321,1.033210332103321,1.033210332103321,1.033210332103321,1.033210332103321,1.033210332103321,1.033210332103321,1.033210332103321,1.033210332103321,1.0,1.0,1.0,1.0,1.0,1.0,1.0,1.0,1.0,1.0,1.0,271,271,271,271,271,271,271,271,271,271
2017-08-31,1.0330882352941178,1.0330882352941178,1.0330882352941178,1.0330882352941178,1.0330882352941178,1.0330882352941178,1.0330882352941178,1.0330882352941178,1.0330882352941178,1.0330882352941178,1.0,1.0,1.0,1.0,1.0,1.0,1.0,1.0,1.0,1.0,1.0,272,272,272,272,272,272,272,272,272,272
2017-09-30,1.0329670329670328,1.0329670329670328,1.0329670329670328,1.0329670329670328,1.0329670329670328,1.0329670329670328,1.0329670329670328,1.0329670329670328,1.0329670329670328,1.0329670329670328,1.0,1.0,1.0,1.0,1.0,1.0,1.0,1.0,1.0,1.0,1.0,273,273,273,273,273,273,273,273,273,273
2017-10-31,1.032846715328467,1.032846715328467,1.032846715328467,1.032846715328467,1.032846715328467,1.032846715328467,1.032846715328467,1.032846715328467,1.032846715328467,1.032846715328467,1.0,1.0,1.0,1.0,1.0,1.0,1.0,1.0,1.0,1.0,1.0,274,274,274,274,274,274,274,274,274,274
2017-11-30,1.0327272727272727,1.0327272727272727,1.0327272727272727,1.0327272727272727,1.0327272727272727,1.0327272727272727,1.0327272727272727,1.0327272727272727,1.0327272727272727,1.0327272727272727,1.0,1.0,1.0,1.0,1.0,1.0,1.0,1.0,1.0,1.0,1.0,275,275,275,275,275,275,275,275,275,275
2017-12-31,1.0326086956521738,1.0326086956521738,1.0326086956521738,1.0326086956521738,1.0326086956521738,1.0326086956521738,1.0326086956521738,1.0326086956521738,1.0326086956521738,1.0326086956521738,1.0,1.0,1.0,1.0,1.0,1.0,1.0,1.0,1.0,1.0,1.0,276,276,276,276,276,276,276,276,276,276
2018-01-31,1.0324909747292421,1.0324909747292421,1.0324909747292421,1.0324909747292421,1.0324909747292421,1.0324909747292421,1.0324909747292421,1.0324909747292421,1.0324909747292421,1.0324909747292421,1.0,1.0,1.0,1.0,1.0,1.0,1.0,1.0,1.0,1.0,1.0,277,277,277,277,277,277,277,277,277,277
2018-02-28,1.0323741007194245,1.0323741007194245,1.0323741007194245,1.0323741007194245,1.0323741007194245,1.0323741007194245,1.0323741007194245,1.0323741007194245,1.0323741007194245,1.0323741007194245,1.0,1.0,1.0,1.0,1.0,1.0,1.0,1.0,1.0,1.0,1.0,278,278,278,278,278,278,278,278,278,278
2018-03-31,1.032258064516129,1.032258064516129,1.032258064516129,1.032258064516129,1.032258064516129,1.032258064516129,1.032258064516129,1.032258064516129,1.032258064516129,1.032258064516129,1.0,1.0,1.0,1.0,1.0,1.0,1.0,1.0,1.0,1.0,1.0,279,279,279,279,279,279,279,279,279,279
2018-04-30,1.0321428571428573,1.0321428571428573,1.0321428571428573,1.0321428571428573,1.0321428571428573,1.0321428571428573,1.0321428571428573,1.0321428571428573,1.0321428571428573,1.0321428571428573,1.0,1.0,1.0,1.0,1.0,1.0,1.0,1.0,1.0,1.0,1.0,280,280,280,280,280,280,280,280,280,280
2018-05-31,1.0320284697508897,1.0320284697508897,1.0320284697508897,1.0320284697508897,1.0320284697508897,1.0320284697508897,1.0320284697508897,1.0320284697508897,1.0320284697508897,1.0320284697508897,1.0,1.0,1.0,1.0,1.0,1.0,1.0,1.0,1.0,1.0,1.0,281,281,281,281,281,281,281,281,281,281
2018-06-30,1.0319148936170213,1.0319148936170213,1.0319148936170213,1.0319148936170213,1.0319148936170213,1.0319148936170213,1.0319148936170213,1.0319148936170213,1.0319148936170213,1.0319148936170213,1.0,1.0,1.0,1.0,1.0,1.0,1.0,1.0,1.0,1.0,1.0,282,282,282,282,282,282,282,282,282,282
2018-07-31,1.0318021201413428,1.0318021201413428,1.0318021201413428,1.0318021201413428,1.0318021201413428,1.0318021201413428,1.0318021201413428,1.0318021201413428,1.0318021201413428,1.0318021201413428,1.0,1.0,1.0,1.0,1.0,1.0,1.0,1.0,1.0,1.0,1.0,283,283,283,283,283,283,283,283,283,283
2018-08-31,1.0316901408450705,1.0316901408450705,1.0316901408450705,1.0316901408450705,1.0316901408450705,1.0316901408450705,1.0316901408450705,1.0316901408450705,1.0316901408450705,1.0316901408450705,1.0,1.0,1.0,1.0,1.0,1.0,1.0,1.0,1.0,1.0,1.0,284,284,284,284,284,284,284,284,284,284
2018-09-30,1.0315789473684212,1.0315789473684212,1.0315789473684212,1.0315789473684212,1.0315789473684212,1.0315789473684212,1.0315789473684212,1.0315789473684212,1.0315789473684212,1.0315789473684212,1.0,1.0,1.0,1.0,1.0,1.0,1.0,1.0,1.0,1.0,1.0,285,285,285,285,285,285,285,285,285,285
2018-10-31,1.0314685314685317,1.0314685314685317,1.0314685314685317,1.0314685314685317,1.0314685314685317,1.0314685314685317,1.0314685314685317,1.0314685314685317,1.0314685314685317,1.0314685314685317,1.0,1.0,1.0,1.0,1.0,1.0,1.0,1.0,1.0,1.0,1.0,286,286,286,286,286,286,286,286,286,286
2018-11-30,1.0313588850174216,1.0313588850174216,1.0313588850174216,1.0313588850174216,1.0313588850174216,1.0313588850174216,1.0313588850174216,1.0313588850174216,1.0313588850174216,1.0313588850174216,1.0,1.0,1.0,1.0,1.0,1.0,1.0,1.0,1.0,1.0,1.0,287,287,287,287,287,287,287,287,287,287
2018-12-31,1.03125,1.03125,1.03125,1.03125,1.03125,1.03125,1.03125,1.03125,1.03125,1.03125,1.0,1.0,1.0,1.0,1.0,1.0,1.0,1.0,1.0,1.0,1.0,288,288,288,288,288,288,288,288,288,288
2019-01-31,1.0311418685121108,1.0311418685121108,1.0311418685121108,1.0311418685121108,1.0311418685121108,1.0311418685121108,1.0311418685121108,1.0311418685121108,1.0311418685121108,1.0311418685121108,1.0,1.0,1.0,1.0,1.0,1.0,1.0,1.0,1.0,1.0,1.0,289,289,289,289,289,289,289,289,289,289
2019-02-28,1.0310344827586206,1.0310344827586206,1.0310344827586206,1.0310344827586206,1.0310344827586206,1.0310344827586206,1.0310344827586206,1.0310344827586206,1.0310344827586206,1.0310344827586206,1.0,1.0,1.0,1.0,1.0,1.0,1.0,1.0,1.0,1.0,1.0,290,290,290,290,290,290,290,290,290,290
2019-03-31,1.0309278350515465,1.0309278350515465,1.0309278350515465,1.0309278350515465,1.0309278350515465,1.0309278350515465,1.0309278350515465,1.0309278350515465,1.0309278350515465,1.0309278350515465,1.0,1.0,1.0,1.0,1.0,1.0,1.0,1.0,1.0,1.0,1.0,291,291,291,291,291,291,291,291,291,291
2019-04-30,1.0308219178082192,1.0308219178082192,1.0308219178082192,1.0308219178082192,1.0308219178082192,1.0308219178082192,1.0308219178082192,1.0308219178082192,1.0308219178082192,1.0308219178082192,1.0,1.0,1.0,1.0,1.0,1.0,1.0,1.0,1.0,1.0,1.0,292,292,292,292,292,292,292,292,292,292
2019-05-31,1.0307167235494878,1.0307167235494878,1.0307167235494878,1.0307167235494878,1.0307167235494878,1.0307167235494878,1.0307167235494878,1.0307167235494878,1.0307167235494878,1.0307167235494878,1.0,1.0,1.0,1.0,1.0,1.0,1.0,1.0,1.0,1.0,1.0,293,293,293,293,293,293,293,293,293,293
2019-06-30,1.030612244897959,1.030612244897959,1.030612244897959,1.030612244897959,1.030612244897959,1.030612244897959,1.030612244897959,1.030612244897959,1.030612244897959,1.030612244897959,1.0,1.0,1.0,1.0,1.0,1.0,1.0,1.0,1.0,1.0,1.0,294,294,294,294,294,294,294,294,294,294
2019-07-31,1.0305084745762711,1.0305084745762711,1.0305084745762711,1.0305084745762711,1.0305084745762711,1.0305084745762711,1.0305084745762711,1.0305084745762711,1.0305084745762711,1.0305084745762711,1.0,1.0,1.0,1.0,1.0,1.0,1.0,1.0,1.0,1.0,1.0,295,295,295,295,295,295,295,295,295,295
2019-08-31,1.0304054054054057,1.0304054054054057,1.0304054054054057,1.0304054054054057,1.0304054054054057,1.0304054054054057,1.0304054054054057,1.0304054054054057,1.0304054054054057,1.0304054054054057,1.0,1.0,1.0,1.0,1.0,1.0,1.0,1.0,1.0,1.0,1.0,296,296,296,296,296,296,296,296,296,296
2019-09-30,1.0303030303030305,1.0303030303030305,1.0303030303030305,1.0303030303030305,1.0303030303030305,1.0303030303030305,1.0303030303030305,1.0303030303030305,1.0303030303030305,1.0303030303030305,1.0,1.0,1.0,1.0,1.0,1.0,1.0,1.0,1.0,1.0,1.0,297,297,297,297,297,297,297,297,297,297
2019-10-31,1.0302013422818792,1.0302013422818792,1.0302013422818792,1.0302013422818792,1.0302013422818792,1.0302013422818792,1.0302013422818792,1.0302013422818792,1.0302013422818792,1.0302013422818792,1.0,1.0,1.0,1.0,1.0,1.0,1.0,1.0,1.0,1.0,1.0,298,298,298,298,298,298,298,298,298,298
2019-11-30,1.0301003344481603,1.0301003344481603,1.0301003344481603,1.0301003344481603,1.0301003344481603,1.0301003344481603,1.0301003344481603,1.0301003344481603,1.0301003344481603,1.0301003344481603,1.0,1.0,1.0,1.0,1.0,1.0,1.0,1.0,1.0,1.0,1.0,299,299,299,299,299,299,299,299,299,299
2019-12-31,1.03,1.03,1.03,1.03,1.03,1.03,1.03,1.03,1.03,1.03,1.0,1.0,1.0,1.0,1.0,1.0,1.0,1.0,1.0,1.0,1.0,300,300,300,300,300,300,300,300,300,300
